epoch,train_loss,train_acc,train_macro_f1,val_loss,val_acc,val_macro_f1,lr,epoch_time_sec
1,1.3528191288312277,0.4666666666666667,0.4689610389610389,1.125090980529785,0.4,0.3,0.001,16.084580659866333
