{
  "best_epoch": 2,
  "best_val_macro_f1": 0.9096057556595346,
  "test_acc": 0.896551724137931,
  "test_macro_f1": 0.8564502164502164,
  "test_loss": 0.21513699337936423,
  "total_params": 85802501,
  "trainable_params": 85802501,
  "trainable_ratio": 1.0,
  "num_classes": 5,
  "num_samples": 789,
  "num_train": 557,
  "num_val": 116,
  "num_test": 116
}